City,Country,Lat,Lng,Date,Cloudiness,Max Temp,Humidity,Wind Speed
Kaka,TM,37.35,59.62,1546295255,80,31.54,90,2.59
Meulaboh,ID,4.14,96.13,1546295255,8,78.34,100,3.6
Talcahuano,CL,-36.72,-73.12,1546293600,0,66.2,63,19.46
Ushuaia,AR,-54.81,-68.31,1546293600,75,48.2,76,18.34
Tabas,IR,33.6,56.92,1546293600,0,44.6,65,2.24
Nemuro,JP,43.32,145.57,1546295256,0,33.25,100,17.81
Thinadhoo,MV,0.53,72.93,1546295256,76,81.31,100,8.86
Punta Arenas,CL,-53.16,-70.91,1546293600,75,48.2,66,36.91
East London,ZA,-33.02,27.91,1546295257,80,75.64,90,16.24
Hilo,US,19.71,-155.08,1546293180,90,75.02,84,3.36
Barrow,US,39.51,-90.4,1546293300,90,41.38,95,21.92
Albany,AU,-35.02,117.88,1546293600,92,64.4,77,4.7
Lompoc,US,34.64,-120.46,1546294500,1,58.78,42,12.75
Bluff,NZ,-46.6,168.33,1546295258,0,58.58,100,5.39
Tiksi,RU,71.64,128.87,1546295258,76,-2.17,70,26.87
Faanui,PF,-16.48,-151.75,1546295259,92,84.28,98,12.21
Atuona,PF,-9.8,-139.03,1546295259,76,79.6,100,17.69
Arman,RU,59.7,150.17,1546295259,0,-30.39,48,5.17
Khatanga,RU,71.98,102.47,1546295259,56,2.78,75,11.88
Rikitea,PF,-23.12,-134.97,1546295260,80,76.99,100,10.76
Qaqortoq,GL,60.72,-46.03,1546295260,68,30.5,97,15.23
Iqaluit,CA,63.75,-68.52,1546293600,75,-2.21,64,12.75
Poronaysk,RU,49.22,143.1,1546295260,68,8.86,91,3.38
Mehamn,NO,71.03,27.85,1546295261,88,22.58,95,11.21
Lebu,CL,-37.62,-73.65,1546295261,0,60.16,94,5.5
Carnarvon,AU,-24.87,113.63,1546293600,0,71.6,83,16.11
Bredasdorp,ZA,-34.53,20.04,1546293600,44,66.2,88,4.7
Pangnirtung,CA,66.15,-65.72,1546293600,20,-2.21,64,12.75
Chuy,UY,-33.69,-53.46,1546295100,0,72.94,80,14.12
Kavaratti,IN,10.57,72.64,1546295262,0,83.15,100,5.61
Clyde River,CA,70.47,-68.59,1546290060,90,-9.41,83,23.04
Alofi,NU,-19.06,-169.92,1546295044,92,81.08,100,10.98
Severo-Kurilsk,RU,50.68,156.12,1546295263,56,25.37,100,10.2
Veraval,IN,20.9,70.37,1546295263,0,66.05,87,1.92
Narsaq,GL,60.91,-46.05,1546295263,76,13.4,71,3.6
Thompson,CA,55.74,-97.86,1546293600,5,-14.81,68,11.41
Hermanus,ZA,-34.42,19.24,1546295263,24,59.71,92,2.48
Puerto Ayora,EC,-0.74,-90.35,1546293600,75,82.4,69,18.34
Hobart,AU,-42.88,147.33,1546293600,40,69.8,46,23.04
Sucua,EC,-2.46,-78.17,1546293600,40,75.2,69,8.05
Mahebourg,MU,-20.41,57.7,1546293600,75,77.0,94,4.7
Cherskiy,RU,68.75,161.3,1546295264,36,-20.8,60,8.52
Busselton,AU,-33.64,115.35,1546295265,0,64.03,100,13.0
Henties Bay,NA,-22.12,14.28,1546295265,0,64.52,93,4.72
Jamestown,SH,-15.94,-5.72,1546295265,48,72.22,100,12.44
Dikson,RU,73.51,80.55,1546295265,80,5.08,100,30.0
Motala,SE,58.54,15.04,1546293000,92,44.6,87,25.28
Kedrovyy,RU,56.17,91.82,1546293600,88,-9.41,76,3.04
Ambon,ID,-3.7,128.18,1546291800,40,77.0,94,3.36
Pacific Grove,US,36.62,-121.92,1546293300,1,56.68,26,10.29
Mandalgovi,MN,45.76,106.27,1546295267,32,-11.85,66,3.15
Lerwick,GB,60.15,-1.15,1546293000,56,44.6,70,39.15
West Bay,KY,19.37,-81.42,1546293600,20,84.2,74,18.34
Ancud,CL,-41.87,-73.83,1546293600,40,55.4,58,12.75
Sechura,PE,-5.56,-80.82,1546295268,0,80.41,64,13.67
Port Elizabeth,ZA,-33.92,25.57,1546293600,0,69.8,94,3.36
Charters Towers,AU,-20.07,146.27,1546295268,92,69.7,92,8.97
Shepetivka,UA,50.18,27.07,1546295269,92,33.52,97,4.94
Castro,CL,-42.48,-73.76,1546293600,40,55.4,58,12.75
Isangel,VU,-19.55,169.27,1546295269,8,78.2,100,16.24
Elhovo,BG,42.17,26.57,1546293600,90,37.4,86,4.7
Labuhan,ID,-2.54,115.51,1546295269,48,74.78,89,1.25
Sainte-Maxime,FR,43.31,6.64,1546293600,0,36.66,100,1.12
Kapaa,US,22.08,-159.32,1546293360,75,78.98,74,17.22
Bilma,NE,18.69,12.92,1546295270,24,48.37,51,0.02
Aksarka,RU,66.56,67.8,1546295270,8,4.85,77,16.24
Fairbanks,US,64.84,-147.72,1546293480,90,29.46,77,4.7
Koungou,YT,-12.73,45.2,1546293600,0,80.6,83,3.36
Sabzevar,IR,36.21,57.68,1546295271,76,32.17,92,2.48
Georgetown,SH,-7.93,-14.42,1546295271,48,77.71,100,14.67
Iralaya,HN,15.0,-83.23,1546295271,92,74.83,100,9.53
Boguchany,RU,58.38,97.46,1546295272,76,-23.68,35,2.48
Souillac,MU,-20.52,57.52,1546293600,75,77.0,94,4.7
Tazovskiy,RU,67.47,78.7,1546295272,80,1.3,71,21.39
Grenville,GD,12.12,-61.62,1546293600,20,78.8,78,5.82
Port Alfred,ZA,-33.59,26.89,1546295273,8,73.84,87,10.54
Champerico,GT,14.3,-91.92,1546293600,40,87.8,55,11.41
Huilong,CN,31.15,106.5,1546295273,92,32.75,98,2.71
Fomboni,KM,-12.28,43.74,1546295273,0,85.27,99,1.7
Soyo,AO,-6.13,12.37,1546295274,32,78.83,93,4.72
Rakiv Lis,UA,51.62,24.92,1546295274,88,32.89,98,8.75
Riyadh,SA,24.63,46.72,1546293600,0,51.8,87,2.24
Vaini,TO,-21.2,-175.2,1546293600,75,80.6,83,8.05
Coos Bay,US,43.37,-124.22,1546293360,1,46.94,70,8.05
Normandin,CA,48.84,-72.53,1546293600,90,17.6,92,4.72
Namibe,AO,-15.19,12.15,1546295275,8,74.56,100,9.42
Yar-Sale,RU,66.83,70.83,1546295276,64,8.45,87,20.04
Wanning,CN,18.8,110.4,1546295276,80,64.52,100,28.32
Olinda,BR,-22.82,-43.41,1546293600,20,79.61,78,10.29
Pevek,RU,69.7,170.27,1546295276,56,-14.46,86,8.86
Saldanha,ZA,-33.01,17.94,1546290000,0,66.2,82,10.29
Kodiak,US,39.95,-94.76,1546293300,90,35.22,89,14.99
Atar,MR,20.52,-13.05,1546295277,0,60.38,27,5.73
Luganville,VU,-15.51,167.18,1546295277,36,79.87,100,16.02
Portland,AU,-33.35,149.98,1546295277,0,67.54,84,2.71
Kaitangata,NZ,-46.28,169.85,1546294992,8,61.82,87,4.27
Salinopolis,BR,-0.61,-47.36,1546295278,92,80.9,98,9.75
Darhan,MN,49.49,105.92,1546295278,24,-25.57,36,2.93
Namtsy,RU,62.72,129.66,1546293600,24,-20.21,75,2.24
Mar del Plata,AR,-46.43,-67.52,1546295279,0,71.63,31,30.78
Dzilam Gonzalez,MX,21.28,-88.93,1546295279,76,85.9,56,10.76
Victoria,CL,-38.23,-72.33,1546295279,36,67.81,63,6.85
Pinos,MX,22.3,-101.57,1546292400,75,71.6,28,9.17
Geraldton,AU,-28.77,114.6,1546293600,90,68.0,82,12.75
Chokurdakh,RU,70.62,147.9,1546295280,64,-0.1,75,20.27
Turukhansk,RU,65.8,87.96,1546295280,76,3.68,81,20.6
Cape Town,ZA,-33.93,18.42,1546293600,0,68.0,82,11.41
Hithadhoo,MV,-0.6,73.08,1546295281,56,82.88,100,7.07
Saskylakh,RU,71.97,114.09,1546295281,48,-1.9,58,10.98
Port Augusta,AU,-32.49,137.76,1546293600,0,69.8,73,14.99
Hofn,IS,64.25,-15.21,1546295088,0,33.07,100,20.49
Makakilo City,US,21.35,-158.09,1546293420,20,81.34,58,12.75
Bambous Virieux,MU,-20.34,57.76,1546293600,75,77.0,94,4.7
Arraial do Cabo,BR,-22.97,-42.02,1546290000,40,82.4,69,6.93
George Town,KY,19.29,-81.37,1546293600,20,84.2,74,18.34
Lincoln,US,40.8,-96.67,1546294500,90,21.33,73,27.51
Esperance,AU,-33.86,121.89,1546293600,90,64.4,88,14.99
Yellowknife,CA,62.45,-114.38,1546293600,20,-7.61,76,17.22
Ust-Omchug,RU,61.13,149.63,1546295284,0,-56.17,0,2.37
Triunfo,BR,-7.84,-38.1,1546295284,32,86.3,31,4.61
Borgentreich,DE,51.57,9.24,1546293000,75,43.54,93,6.93
Bethel,US,60.79,-161.76,1546294080,20,31.89,86,17.22
Butaritari,KI,3.07,172.79,1546295285,56,85.13,100,24.85
Nikolskoye,RU,59.7,30.79,1546293600,90,28.4,86,8.95
Dingle,IE,52.14,-10.27,1546295221,92,51.02,97,8.52
Sao Felix do Xingu,BR,-6.64,-51.99,1546295286,56,76.99,94,2.37
Rudnyy,RU,44.28,134.96,1546295286,0,-1.77,66,9.08
Provideniya,RU,64.42,-173.23,1546295286,88,6.16,100,6.96
Praia,CV,14.92,-23.51,1546293600,20,69.8,64,14.99
Christchurch,NZ,-43.53,172.64,1546293600,44,66.2,82,3.36
Opuwo,NA,-18.06,13.84,1546295287,0,73.48,44,8.86
Hasaki,JP,35.73,140.83,1546293600,20,22.05,92,3.36
Saint-Philippe,RE,-21.36,55.77,1546293600,90,79.65,69,14.99
Hojai,IN,26.0,92.85,1546295288,0,46.07,85,1.14
Do Gonbadan,IR,30.36,50.8,1546295282,0,27.13,84,1.48
Half Moon Bay,US,37.46,-122.43,1546293360,20,56.46,38,26.4
Drochia,MD,48.03,27.81,1546295288,88,31.67,97,4.5
Sao Pedro do Sul,PT,40.76,-8.07,1546290000,0,42.8,93,1.12
Avarua,CK,-21.21,-159.78,1546293600,40,86.0,84,10.29
Issoire,FR,45.54,3.25,1546293600,90,41.0,93,3.36
Nyrob,RU,60.74,56.73,1546295289,68,14.08,84,5.61
Buenos Aires,CR,9.17,-83.33,1546295290,32,84.91,57,1.92
Pangkalanbuun,ID,-2.68,111.62,1546295290,8,75.23,90,4.94
Sitka,US,37.17,-99.65,1546295290,20,32.75,68,25.75
Thunder Bay,CA,48.41,-89.26,1546293600,75,6.8,60,5.82
Tongzi,CN,28.78,105.09,1546295291,68,31.72,90,3.04
Garissa,KE,-0.46,39.64,1546295291,56,83.11,58,11.32
Leh,IN,34.16,77.58,1546295291,44,-25.53,46,1.59
Sinnamary,GF,5.38,-52.96,1546295291,8,79.37,92,8.08
Pisco,PE,-13.71,-76.2,1546293600,0,71.6,30,16.11
Katherine,AU,-14.47,132.26,1546293600,56,77.0,88,6.93
Candelaria,BR,-29.67,-52.79,1546295292,8,85.09,72,6.62
Batemans Bay,AU,-35.71,150.18,1546295292,0,71.5,90,2.15
Kaseda,JP,31.42,130.32,1546293600,75,41.0,75,2.24
Port Hedland,AU,-20.31,118.58,1546293600,32,80.6,83,8.05
Mount Gambier,AU,-37.83,140.78,1546293600,0,62.6,82,6.93
Fort Dodge,US,42.5,-94.17,1546294500,90,29.46,92,11.41
Kulhudhuffushi,MV,6.62,73.07,1546295293,12,83.47,99,8.3
Vardo,NO,70.37,31.11,1546295293,88,31.85,100,19.04
Douentza,ML,15.01,-2.95,1546295294,76,72.8,32,7.18
San Cristobal,EC,-1.02,-79.44,1546295294,76,67.58,100,2.26
Tuatapere,NZ,-46.13,167.69,1546295294,88,58.09,90,4.61
Ribeira Grande,PT,38.52,-28.7,1546290000,40,57.2,87,5.82
Gunjur,GM,13.18,-16.76,1546293600,0,69.8,77,5.82
Santa Cruz del Sur,CU,20.71,-78.0,1546295295,0,85.22,58,13.0
Qaanaaq,GL,77.48,-69.36,1546295295,0,-12.21,95,9.19
Hirara,JP,24.8,125.28,1546293600,75,65.32,93,19.46
Lethem,GY,3.38,-59.8,1546295296,0,93.73,37,16.69
Walvis Bay,NA,-22.95,14.51,1546293600,0,64.4,82,5.82
Swellendam,ZA,-34.02,20.44,1546293600,0,66.2,88,4.7
Kudahuvadhoo,MV,2.67,72.89,1546295297,64,80.59,100,7.4
Marrakesh,MA,31.63,-7.99,1546293600,32,53.6,58,2.24
Andenes,NO,69.31,16.12,1546293000,88,33.8,69,8.05
Cayenne,GF,4.94,-52.33,1546293600,0,78.8,78,6.93
Lamballe,FR,48.47,-2.52,1546293600,90,48.2,87,2.24
Usinsk,RU,66.0,57.56,1546295298,80,18.94,82,13.11
Aksarayskiy,RU,46.79,48.01,1546293600,90,32.0,97,8.95
Dubrovka,RU,59.85,30.93,1546293600,90,28.4,86,8.95
New Norfolk,AU,-42.78,147.06,1546293600,40,69.8,46,23.04
Wanxian,CN,30.8,108.39,1546295299,64,23.8,84,2.37
Kharp,RU,66.82,65.8,1546295299,36,6.97,62,12.66
Marawi,SD,18.48,31.82,1546295300,12,59.12,70,7.4
Tuktoyaktuk,CA,69.44,-133.03,1546293600,90,10.4,78,10.29
Yamoussoukro,CI,6.81,-5.27,1546293600,8,73.4,83,4.7
Dawei,MM,14.07,98.19,1546295300,24,71.59,65,5.28
Huarmey,PE,-10.07,-78.15,1546295301,48,75.82,65,4.5
San Patricio,MX,19.22,-104.7,1546292520,75,86.0,40,5.82
Wageningen,SR,5.77,-56.69,1546295301,8,79.15,96,15.12
Nieuw Amsterdam,SR,5.88,-55.08,1546293600,20,80.6,78,8.05
Teguldet,RU,57.31,88.17,1546295302,80,8.32,81,4.94
Auki,SB,-8.77,160.7,1546295302,76,78.7,100,9.42
Pahrump,US,36.21,-115.98,1546293480,1,42.89,24,19.46
Gornopravdinsk,RU,60.06,69.92,1546295302,80,13.45,82,9.08
Srednekolymsk,RU,67.46,153.71,1546295302,56,-20.08,87,6.96
Chara,RU,56.9,118.26,1546295303,8,-30.21,43,1.59
Camacha,PT,33.08,-16.33,1546291800,40,63.34,77,14.99
Prince Rupert,CA,54.32,-130.32,1546293600,90,39.2,93,20.8
Ponta do Sol,CV,17.2,-25.09,1546293600,20,69.8,60,13.87
Kungurtug,RU,50.6,97.53,1546295304,12,-32.68,46,2.93
Bilibino,RU,68.06,166.44,1546295304,36,-26.16,38,2.26
Zaltan,LY,32.95,11.87,1546295304,12,58.99,86,18.81
Quatre Cocos,MU,-20.21,57.76,1546293600,75,77.0,94,4.7
Longyearbyen,SJ,78.22,15.64,1546293000,75,3.2,71,13.87
Kukshi,IN,22.21,74.76,1546295305,0,49.67,79,3.15
Santa Cruz del Norte,CU,23.15,-81.92,1546293300,40,80.56,69,11.41
Kokopo,PG,-4.34,152.27,1546295305,88,79.6,100,9.98
Bonavista,CA,48.65,-53.11,1546295306,12,22.45,100,29.77
Khandyga,RU,62.65,135.58,1546295306,0,-42.36,0,2.59
Coquimbo,CL,-29.95,-71.34,1546293600,0,64.4,68,11.41
Upington,ZA,-28.46,21.24,1546293600,24,77.0,57,9.17
Cotonou,BJ,6.37,2.43,1546293600,20,84.2,83,6.93
Harur,IN,12.06,78.48,1546295307,0,55.97,92,2.71
Timbuktu,ML,16.77,-3.01,1546295307,56,69.92,36,8.19
Antalaha,MG,-14.9,50.28,1546295308,44,79.1,89,10.65
Rudnogorsk,RU,57.27,103.75,1546295308,8,-29.76,48,2.48
Rieti,IT,42.4,12.86,1546289700,0,24.8,92,43.62
Takoradi,GH,4.89,-1.75,1546295308,32,83.56,97,6.73
Starokostyantyniv,UA,49.76,27.2,1546295309,88,33.38,97,6.51
Vestmannaeyjar,IS,63.44,-20.27,1546295309,0,29.2,100,15.46
Port Blair,IN,11.67,92.75,1546295309,64,77.03,100,6.06
Oxchuc,MX,16.78,-92.34,1546295309,0,76.4,39,3.38
Sovetskiy,RU,56.76,48.47,1546295310,92,19.03,92,9.19
Magadan,RU,59.56,150.8,1546295310,0,3.55,100,14.67
Gashua,NG,12.87,11.04,1546295310,0,66.55,31,10.42
Griffith,AU,-34.29,146.06,1546293600,0,84.97,37,10.29
Ostersund,SE,63.18,14.64,1546293000,36,35.6,77,9.17
Margate,ZA,-30.86,30.37,1546295311,56,75.95,91,15.57
Bakal,RU,54.94,58.81,1546295311,56,6.83,76,7.52
Naze,JP,28.37,129.48,1546293600,75,60.8,51,6.93
Arawa,PG,-6.23,155.57,1546295312,100,82.57,93,5.39
Fuerte Olimpo,PY,-21.04,-57.87,1546295312,32,86.62,72,11.99
Tasiilaq,GL,65.61,-37.64,1546293000,24,15.8,61,3.36
Roma,AU,-26.57,148.79,1546295312,0,70.87,70,10.65
Jadu,LY,31.95,12.03,1546295313,92,47.83,89,11.65
Victoria,SC,-4.62,55.45,1546293600,48,78.8,88,3.36
Wasilla,US,61.58,-149.44,1546293480,1,41.27,45,9.17
Nueva Loja,EC,0.08,-76.88,1546293600,0,86.0,55,5.82
La Ronge,CA,55.1,-105.3,1546293600,5,-14.81,75,4.7
Spring Valley,US,41.11,-74.04,1546294380,90,41.7,95,6.93
Rocha,UY,-34.48,-54.34,1546295314,0,77.17,51,11.32
Upernavik,GL,72.79,-56.15,1546295315,64,18.04,100,7.4
Jalingo,NG,10.3,10.93,1546295315,0,71.68,31,10.87
Gubkinskiy,RU,64.43,76.5,1546295315,80,7.51,76,16.46
Santa Isabel,MX,32.63,-115.58,1546293360,90,52.29,46,16.11
Lorengau,PG,-2.02,147.27,1546295316,80,79.78,100,15.46
Baiyin,CN,36.55,104.13,1546293600,44,-0.41,84,4.47
Neuquen,AR,-38.95,-68.06,1546293600,0,89.6,17,13.87
Rudnaya Pristan,RU,44.36,135.82,1546295316,0,8.72,42,11.21
Nantucket,US,41.28,-70.1,1546293360,20,39.97,62,13.87
Leningradskiy,RU,69.38,178.42,1546295317,56,-7.44,92,21.16
Amuntai,ID,-2.42,115.25,1546295317,32,74.02,97,2.04
Norman Wells,CA,65.28,-126.83,1546293600,75,8.6,71,10.29
Vanimo,PG,-2.67,141.3,1546295317,76,83.15,100,19.82
Beloha,MG,-25.17,45.06,1546295318,0,79.1,71,11.54
Coahuayana,MX,18.62,-100.35,1546295318,12,81.8,38,3.04
Cap-aux-Meules,CA,47.38,-61.86,1546293600,75,21.2,62,11.41
Carmo do Rio Claro,BR,-20.97,-46.12,1546295318,44,71.63,99,3.71
Gherghesti,RO,46.5,27.52,1546291800,40,33.8,90,2.82
Katsuura,JP,33.93,134.5,1546293600,20,31.03,100,11.41
La Tuque,CA,47.44,-72.79,1546295319,88,20.74,87,4.27
Saint George,BM,32.38,-64.68,1546293900,75,64.4,82,13.87
Tura,RU,64.27,100.22,1546295320,32,-13.42,60,4.72
Mitchell,US,43.71,-98.03,1546293180,90,1.94,75,25.28
Lavrentiya,RU,65.58,-170.99,1546295321,92,7.6,100,24.74
Beringovskiy,RU,63.05,179.32,1546295321,56,-9.42,99,24.74
Virginia Beach,US,36.85,-75.98,1546293540,90,57.42,96,3.36
Ust-Nera,RU,64.57,143.24,1546295321,24,-50.73,0,2.15
Grimstad,NO,66.94,13.72,1546293000,75,39.2,86,28.86
Maceio,BR,-9.67,-35.74,1546293600,20,78.8,78,9.17
Korhogo,CI,9.46,-5.63,1546295322,0,74.33,37,7.4
Golyshmanovo,RU,56.4,68.37,1546295322,56,4.13,81,12.21
Kruisfontein,ZA,-34.0,24.73,1546295322,24,67.72,88,2.48
Ankazoabo,MG,-22.29,44.51,1546295323,32,70.28,93,3.15
Hailar,CN,49.2,119.7,1546295323,32,-23.68,33,9.86
Kolokani,ML,13.58,-8.03,1546295323,68,74.87,36,7.85
Moree,AU,-29.46,149.84,1546293600,56,80.6,47,19.46
Luderitz,NA,-26.65,15.16,1546295323,0,63.53,78,15.12
Hambantota,LK,6.12,81.12,1546290600,20,73.4,100,8.05
Zolotonosha,UA,49.67,32.04,1546295324,76,21.37,96,6.96
Mount Isa,AU,-20.73,139.49,1546293600,0,86.0,37,16.11
Bandarbeyla,SO,9.49,50.81,1546295324,64,77.44,100,17.69
Ketchikan,US,55.34,-131.65,1546293180,90,40.66,95,23.04
Natal,BR,-5.81,-35.21,1546293600,20,81.48,74,12.75
Mayo,CA,63.59,-135.9,1546293720,90,21.2,85,11.41
Tulsipur,NP,28.13,82.29,1546295325,0,39.05,66,3.71
Belmonte,BR,-26.84,-53.58,1546295325,88,86.75,75,0.58
Saint-Augustin,CA,45.63,-73.98,1546293600,90,24.28,92,4.7
Kangalassy,RU,62.35,129.97,1546293600,48,-20.21,75,2.24
Kirakira,SB,-10.46,161.92,1546295326,92,80.95,100,29.33
Russell,NZ,-35.26,174.12,1546295327,56,69.16,76,4.61
Skagen,DK,57.72,10.58,1546295327,92,45.22,92,30.56
Neiafu,TO,-18.65,-173.98,1546293600,75,77.0,94,4.7
Bardiyah,LY,31.76,25.09,1546295327,12,56.15,100,19.15
Nenjiang,CN,49.17,125.23,1546295327,36,-3.03,49,8.75
Shakawe,BW,-18.36,21.84,1546295328,56,69.07,94,5.39
Mpika,ZM,-11.84,31.4,1546295328,48,66.68,94,6.17
Gra Liyia,GR,35.02,25.68,1546293000,75,53.6,87,13.87
Jian,CN,27.12,114.98,1546295329,88,32.08,100,6.4
Peterhead,GB,57.51,-1.8,1546293000,90,48.2,87,14.99
Moindou,NC,-21.69,165.68,1546293600,20,78.8,65,10.29
Arauca,CO,5.11,-75.7,1546293600,40,71.6,56,5.82
Sao Jose da Coroa Grande,BR,-8.9,-35.15,1546295329,8,80.18,81,10.76
Varkkallai,IN,8.73,76.71,1546293600,20,78.8,83,4.7
Zabol,IR,31.03,61.49,1546290000,0,51.8,100,6.93
Necochea,AR,-38.55,-58.74,1546295330,0,80.72,47,17.69
Hobyo,SO,5.35,48.53,1546295330,68,77.71,88,14.56
Adrar,DZ,27.87,-0.29,1546293600,0,50.0,46,13.87
Nizwa,OM,22.93,57.53,1546295331,0,51.16,78,2.37
Santa Fe,CU,23.13,-82.26,1546293300,40,82.4,69,11.41
Ruwi,OM,23.6,58.55,1546293000,0,69.8,77,6.93
Chapais,CA,49.78,-74.86,1546293600,90,19.4,92,6.93
Todos Santos,MX,23.45,-110.23,1546292400,5,68.9,43,11.41
Smithers,CA,54.78,-127.17,1546293600,90,24.8,79,8.05
Polunochnoye,RU,60.87,60.43,1546295332,0,-2.4,72,4.61
Husavik,IS,66.04,-17.34,1546295333,80,26.18,100,13.11
Chauk,MM,20.89,94.82,1546295333,0,57.5,94,5.5
Zvishavane,ZW,-20.32,30.05,1546295333,8,73.88,65,10.98
Sao Bento do Sul,BR,-26.25,-49.38,1546295333,8,79.78,73,4.83
Nanortalik,GL,60.14,-45.24,1546295041,80,29.56,97,28.54
Berlevag,NO,70.86,29.09,1546295334,88,23.75,100,11.77
Benguela,AO,-12.58,13.4,1546295334,8,76.81,100,7.74
Torbay,CA,47.66,-52.73,1546293600,90,15.8,78,17.22
Saint-Joseph,RE,-21.37,55.62,1546293600,90,79.63,69,14.99
Sardarpur,IN,22.68,74.95,1546295335,0,44.72,73,2.93
Kavieng,PG,-2.57,150.8,1546295335,92,80.77,100,15.35
Minna,NG,9.62,6.55,1546295335,0,77.57,33,12.77
Kahului,US,20.89,-156.47,1546293360,40,77.52,62,21.92
Semirom,IR,31.41,51.57,1546295336,0,6.2,61,2.37
Tessalit,ML,20.2,1.01,1546295336,20,57.77,25,8.3
Nortelandia,BR,-14.45,-56.8,1546295336,88,83.74,76,3.49
Guangyuan,CN,32.43,105.86,1546295336,8,15.92,78,2.93
Mitsamiouli,KM,-11.38,43.28,1546290000,20,78.8,83,8.05
Imbituba,BR,-28.24,-48.67,1546293600,40,80.6,78,5.82
Sur,OM,22.57,59.53,1546295337,0,69.07,100,5.5
Itapirapua,BR,-15.82,-50.61,1546295337,48,78.43,83,3.15
Marsh Harbour,BS,26.54,-77.06,1546295338,0,76.9,100,17.13
Kieta,PG,-6.22,155.63,1546295338,100,82.57,93,5.39
Voskresenskoye,RU,56.84,45.43,1546295338,92,20.6,90,5.61
Blackwater,AU,-23.58,148.88,1546295339,0,70.42,80,9.53
Lakselv,NO,70.05,24.96,1546293000,56,19.4,85,8.05
Zhigansk,RU,66.77,123.37,1546295339,36,-18.06,79,8.19
Marquette,US,46.54,-87.4,1546293360,90,31.73,86,14.99
Paracuru,BR,-3.41,-39.03,1546293600,20,82.4,78,6.93
Gaimersheim,DE,48.81,11.37,1546294800,92,40.87,100,3.36
Culebra,US,34.68,-105.77,1546293300,75,31.82,73,3.36
San Jose,GT,16.98,-89.9,1546295341,0,92.78,32,7.74
Tulun,RU,54.56,100.58,1546295341,8,-12.48,76,5.17
Dwarka,IN,28.58,77.04,1546295341,0,41.57,79,3.49
Hongjiang,CN,27.21,109.83,1546295341,92,25.42,96,3.94
Klaksvik,FO,62.23,-6.59,1546293000,0,37.4,74,41.38
Wuda,CN,39.5,106.72,1546295342,8,-10.45,62,3.49
Vaasa,FI,63.1,21.62,1546293000,100,33.8,92,14.99
Plettenberg Bay,ZA,-34.05,23.37,1546295342,0,68.44,94,5.5
Cap Malheureux,MU,-19.98,57.61,1546293600,75,77.0,94,4.7
Roxana,CR,10.27,-83.75,1546293600,20,77.94,50,13.87
Ilulissat,GL,69.22,-51.1,1546293000,64,26.6,53,28.86
Quelimane,MZ,-17.88,36.89,1546295343,0,77.75,88,4.83
Eltham,NZ,-39.43,174.3,1546295344,0,71.68,75,5.39
Broome,AU,-17.97,122.23,1546293600,76,84.2,79,10.29
Mogadishu,SO,2.04,45.34,1546295344,0,79.28,100,17.81
Bahir Dar,ET,11.59,37.39,1546295344,8,52.42,60,2.48
Akureyri,IS,65.68,-18.09,1546295345,64,17.27,83,3.49
Islahiye,TR,37.03,36.63,1546295345,8,26.32,84,2.71
Eruwa,NG,7.53,3.42,1546295345,8,78.7,36,8.97
Marsa Matruh,EG,31.35,27.25,1546293600,40,55.4,71,5.82
San Marcos,CO,8.66,-75.13,1546295345,0,94.0,49,0.69
Mocuba,MZ,-16.84,36.99,1546295346,24,76.27,91,3.94
Xichang,CN,27.88,102.25,1546295346,0,18.67,71,1.14
Kalianget,ID,-7.35,109.91,1546291800,40,77.0,94,3.36
Yulara,AU,-25.24,130.99,1546293600,8,86.0,9,10.29
Deputatskiy,RU,69.3,139.9,1546295347,64,-5.64,79,9.53
Iquique,CL,-20.22,-70.14,1546293600,75,73.4,60,12.75
Trincomalee,LK,8.58,81.23,1546295347,8,70.6,90,6.96
Lagos,PT,37.1,-8.67,1546291800,0,51.8,76,3.36
Syracuse,US,43.05,-76.15,1546294500,90,37.26,93,9.17
Gorontalo,ID,0.54,123.06,1546295348,24,73.57,96,2.15
Sivaki,RU,52.63,126.75,1546295348,32,2.38,66,6.73
Celestun,MX,20.87,-90.4,1546295348,0,79.55,86,4.38
Selkirk,CA,50.15,-96.88,1546293600,5,-13.01,69,8.05
Tiznit,MA,29.7,-9.73,1546295349,44,54.76,58,5.61
Sao Joao da Barra,BR,-21.64,-41.05,1546293600,20,82.4,65,9.17
Belyy Yar,RU,53.6,91.39,1546293600,56,-16.61,75,1.59
Alta Floresta,BR,-9.87,-56.08,1546295350,44,81.4,79,2.48
Iki-Burul,RU,45.82,44.65,1546293600,88,30.2,100,6.71
Xuddur,SO,4.12,43.89,1546295350,0,69.97,57,6.17
Wrexham,GB,53.05,-2.99,1546293000,90,48.0,76,13.87
Palmer,US,61.6,-149.11,1546293480,1,41.25,45,9.17
Mazamitla,MX,19.92,-103.02,1546295351,76,70.55,38,3.71
Whitianga,NZ,-36.83,175.7,1546295351,20,68.08,98,7.4
Fujin,CN,47.24,132.03,1546295351,76,2.29,59,13.22
Jalu,LY,29.03,21.55,1546295352,0,46.84,85,6.17
Poum,NC,-20.23,164.02,1546295352,0,77.8,100,15.35
Ban Nahin,LA,18.24,104.21,1546295353,0,50.08,82,2.37
Usakos,NA,-22.0,15.59,1546295353,8,71.27,78,1.59
Suez,EG,29.97,32.54,1546295301,20,38.56,73,2.48
Sioux Lookout,CA,50.1,-91.92,1546293600,20,-6.56,69,9.17
Patnos,TR,39.23,42.86,1546295353,20,21.01,100,5.61
Dohar,BD,23.61,90.13,1546293600,0,60.8,77,2.93
Sola,VU,-13.88,167.55,1546295354,32,82.88,92,14.9
Chipiona,ES,36.74,-6.44,1546293600,0,46.99,76,6.93
Buraydah,SA,26.33,43.97,1546290000,0,51.8,100,9.17
Lucea,JM,18.44,-78.17,1546290000,20,84.2,66,27.51
Cabo San Lucas,MX,22.89,-109.91,1546292400,20,68.97,56,9.17
Lengshuijiang,CN,27.66,111.45,1546295355,88,26.0,95,2.93
Adre,TD,13.47,22.2,1546295355,0,65.02,42,9.42
Ziro,IN,27.54,93.82,1546295356,48,40.67,63,1.59
Nara,ML,15.17,-7.29,1546295356,48,76.36,29,9.75
Changji,CN,32.07,116.17,1546295356,64,25.28,90,4.16
Taltal,CL,-25.41,-70.49,1546295356,24,69.65,72,3.71
Santa Cruz Cabralia,BR,-16.28,-39.02,1546293600,40,80.6,83,11.41
Fort Frances,CA,48.61,-93.4,1546293300,1,1.94,59,8.05
Launceston,AU,-41.43,147.14,1546293600,44,64.4,55,18.34
Bitung,ID,1.44,125.19,1546295357,24,79.37,100,9.53
Verkhnevilyuysk,RU,63.45,120.31,1546295358,0,-3.97,78,8.41
Sao Filipe,CV,14.9,-24.5,1546295358,0,73.03,95,12.21
Guerrero Negro,MX,27.97,-114.04,1546295358,92,61.82,69,10.2
Port Lincoln,AU,-34.72,135.86,1546295358,0,60.25,100,6.62
Porto Velho,BR,-8.75,-63.87,1546293600,40,86.0,66,2.82
Ust-Maya,RU,60.42,134.54,1546295359,12,-34.44,62,1.92
Shambu,ET,9.57,37.1,1546295359,0,49.13,69,2.59
Krasnoye,RU,44.87,39.46,1546293600,75,37.4,100,4.47
Emerald,AU,-23.53,148.16,1546293600,0,80.6,54,14.99
Komsomolskiy,RU,67.55,63.78,1546295360,80,20.78,91,19.48
Maniitsoq,GL,65.42,-52.9,1546295360,80,25.1,95,6.85
Olga,RU,43.74,135.29,1546295360,0,5.71,41,8.52
Talnakh,RU,69.49,88.39,1546295361,76,2.6,84,24.52
Porbandar,IN,21.64,69.61,1546295361,0,62.05,78,6.17
Price,US,39.6,-110.81,1546293180,32,21.92,51,20.8
Akdepe,TM,42.05,59.39,1546293600,90,27.48,92,9.17
Key West,US,47.93,-96.78,1546294500,90,-10.76,86,20.8
Boffa,GN,10.18,-14.04,1546295362,68,80.05,66,3.15
Fort Nelson,CA,58.81,-122.69,1546293600,75,6.8,77,2.24
Dunedin,NZ,-45.87,170.5,1546295297,68,60.61,89,4.16
Oksfjord,NO,70.24,22.35,1546293000,48,21.31,73,5.82
Agadez,NE,16.97,7.99,1546295362,0,60.02,42,6.29
Puerto del Rosario,ES,28.5,-13.86,1546293600,0,65.62,77,2.24
Port Shepstone,ZA,-30.74,30.45,1546295363,56,75.95,91,15.57
Chicama,PE,-7.84,-79.15,1546293600,20,73.4,83,10.29
Masindi,UG,1.69,31.72,1546295363,12,69.34,73,6.73
Honningsvag,NO,70.98,25.97,1546295364,92,25.69,100,16.8
Odienne,CI,9.51,-7.57,1546295364,0,74.11,44,6.96
San Pedro del Parana,PY,-26.83,-56.2,1546293600,75,91.4,63,3.36
Praia da Vitoria,PT,38.73,-27.07,1546290000,20,60.8,87,15.79
Sao Gabriel da Cachoeira,BR,-0.13,-67.09,1546295365,24,87.47,65,0.81
Nanning,CN,22.83,108.3,1546293600,90,41.0,86,8.95
Sorong,ID,-0.86,131.25,1546295365,56,83.33,100,5.39
Alice Springs,AU,-23.7,133.88,1546293600,0,91.4,19,1.12
Cumberland,US,41.97,-71.43,1546293360,90,40.41,66,4.7
Bemidji,US,47.48,-94.89,1546294560,1,0.64,59,11.41
Kabo,CF,7.69,18.62,1546295366,8,72.94,40,6.73
La Asuncion,VE,11.03,-63.86,1546295367,0,79.73,92,20.94
Xining,CN,36.62,101.77,1546295367,12,-5.73,73,3.15
Kamenka,RU,53.19,44.05,1546295367,12,-5.77,71,2.93
Hastings,US,40.59,-98.39,1546294500,90,13.33,70,31.09
Touros,BR,-5.2,-35.46,1546293600,40,80.6,83,6.93
Dolny Kubin,SK,49.21,19.3,1546293600,90,30.99,83,1.12
Strathroy,CA,42.96,-81.62,1546294860,90,36.52,93,14.99
Lander,US,42.83,-108.73,1546294800,90,8.06,72,4.7
Mananjary,MG,-19.16,46.8,1546295369,48,62.72,92,7.29
Wenling,CN,28.38,121.38,1546295369,76,42.52,100,12.77
Rio Gallegos,AR,-51.62,-69.22,1546293600,40,57.2,47,39.15
Casino,AU,-28.86,153.05,1546293600,56,79.43,57,5.82
Plouzane,FR,48.38,-4.62,1546293600,90,47.3,81,1.12
Makaha,US,21.47,-158.22,1546293420,20,81.36,58,12.75
Burnie,AU,-41.05,145.91,1546295370,0,61.28,100,15.46
Dubti,ET,11.74,41.09,1546295370,0,62.5,84,2.71
Salisbury,US,38.37,-75.6,1546294800,90,49.33,93,8.05
Izhevskoye,RU,54.56,40.87,1546295371,56,8.95,79,8.41
Arvika,SE,59.65,12.59,1546293000,0,41.0,93,17.22
Nova Russas,BR,-4.71,-40.57,1546295371,48,74.56,87,4.83
Bailen,ES,38.1,-3.78,1546295371,0,30.82,74,2.59
De-Kastri,RU,51.48,140.77,1546295372,36,8.23,100,16.46
Caravelas,BR,-17.73,-39.27,1546295372,20,80.0,100,17.36
Ipixuna,BR,-1.76,-48.8,1546293600,75,75.2,94,16.11
Cidreira,BR,-30.17,-50.22,1546295372,44,80.27,83,10.87
Vrangel,RU,42.73,133.08,1546295373,0,18.22,100,23.29
Mantua,CU,22.29,-84.28,1546295373,68,81.58,65,8.75
Evensk,RU,61.92,159.24,1546295373,36,-8.47,100,6.96
Sanawad,IN,22.17,76.08,1546290000,0,53.6,66,4.7
Joigny,FR,47.98,3.4,1546293600,20,44.6,100,4.7
Palmdale,US,34.58,-118.12,1546293600,1,53.87,25,21.92
Piacabucu,BR,-10.41,-36.43,1546295374,12,82.21,70,14.79
Erenhot,CN,43.65,111.97,1546295374,0,-20.31,27,2.82
Yerofey Pavlovich,RU,53.97,121.97,1546295375,80,-16.62,69,2.93
Malyn,UA,50.77,29.25,1546293600,88,30.2,92,8.95
Oussouye,SN,12.49,-16.54,1546293600,0,74.32,78,4.7
Komatipoort,ZA,-25.43,31.95,1546295375,68,74.33,87,5.39
Arlit,NE,18.74,7.39,1546295376,0,55.88,64,7.96
Guilin,CN,25.28,110.29,1546293600,90,35.6,80,4.47
Thanh Hoa,VN,10.21,106.33,1546293600,40,75.2,73,5.82
Cherdyn,RU,60.4,56.48,1546295376,68,15.02,87,5.06
Inhambane,MZ,-23.87,35.38,1546295376,24,76.63,96,10.42
Dutlwe,BW,-23.98,23.93,1546295377,92,68.08,91,9.42
San Carlos,VE,9.66,-68.59,1546295377,8,91.21,38,6.62
Grindavik,IS,63.84,-22.43,1546293600,20,23.0,73,5.82
Ikot Ekpene,NG,5.18,7.71,1546295378,64,87.34,54,4.72
Sydney Mines,CA,46.24,-60.22,1546293600,75,21.2,67,3.36
Pochutla,MX,15.74,-96.47,1546292700,5,86.79,48,7.96
Samarai,PG,-10.62,150.67,1546295378,92,83.6,100,13.11
Orange,AU,-33.28,149.1,1546295379,0,67.99,86,4.16
Klyuchevskiy,RU,53.53,119.45,1546295379,68,-31.78,51,2.48
Bosaso,SO,11.28,49.18,1546295379,76,75.46,100,6.4
Gisborne,NZ,-38.66,178.02,1546295379,8,68.98,86,5.06
Houston,CA,54.4,-126.65,1546293600,90,24.8,79,8.05
Pontianak,ID,-0.02,109.34,1546295380,88,78.92,98,9.98
Waingapu,ID,-9.65,120.26,1546295380,92,74.2,100,4.38
Vao,NC,-22.67,167.48,1546295380,68,75.82,100,20.83
Norilsk,RU,69.35,88.2,1546295380,76,2.6,84,24.52
Sorochinsk,RU,52.43,53.15,1546295381,48,-0.37,77,3.15
Conceicao do Araguaia,BR,-8.26,-49.26,1546295381,48,87.34,63,3.38
Neryungri,RU,56.66,124.71,1546295381,48,-2.4,65,14.79
General Teran,MX,25.27,-99.68,1546295381,12,62.32,60,4.94
Pamanukan,ID,-6.28,107.82,1546295382,56,81.31,100,25.52
Broken Hill,AU,-31.97,141.45,1546293600,0,75.2,27,12.75
Pedra Azul,BR,-16.01,-41.28,1546295382,12,77.71,80,2.37
Yazd,IR,31.89,54.36,1546293600,0,42.8,71,2.24
Larreynaga,NI,12.68,-86.57,1546295383,0,87.02,47,20.15
Odessa,US,31.85,-102.37,1546294500,0,59.05,27,4.7
Chake Chake,TZ,-5.25,39.77,1546295383,76,82.7,97,5.95
Geraldton,CA,49.72,-86.95,1546293600,40,-7.61,76,3.36
Arkadak,RU,51.94,43.49,1546295384,92,8.9,86,6.29
Balurghat,IN,25.22,88.78,1546295384,0,47.83,78,4.61
Hualmay,PE,-11.1,-77.61,1546295384,24,74.29,72,6.17
Glendive,US,47.11,-104.71,1546294500,90,3.63,68,10.29
Salalah,OM,17.01,54.1,1546293000,75,75.2,60,3.36
Athabasca,CA,54.72,-113.29,1546295385,24,6.88,74,8.63
Ironton,US,38.54,-82.68,1546293360,90,57.94,93,7.96
Vila Franca do Campo,PT,37.72,-25.43,1546291800,40,60.8,82,13.87
Yerbogachen,RU,61.28,108.01,1546295386,0,-12.39,58,6.96
Lianzhou,CN,24.79,112.38,1546295386,88,28.43,92,2.48
Rock Springs,US,41.59,-109.2,1546293240,90,3.02,71,24.16
Mende,FR,44.52,3.5,1546295387,0,30.23,84,3.6
Gushikawa,JP,26.35,127.87,1546293600,75,61.63,75,9.17
Sisimiut,GL,66.94,-53.67,1546295387,76,5.53,100,1.7
Jaru,BR,-10.43,-62.48,1546295388,36,81.08,78,2.71
Yumen,CN,40.29,97.04,1546295388,68,-4.02,66,3.83
Tecoanapa,MX,16.99,-99.26,1546292820,40,87.8,58,3.36
Edd,ER,13.93,41.69,1546295388,0,64.03,92,2.82
Ostrovnoy,RU,68.05,39.51,1546295389,68,14.48,92,18.03
Kathmandu,NP,27.71,85.32,1546293000,20,37.4,93,3.6
Sol-Iletsk,RU,51.16,55.0,1546295389,88,18.13,86,5.61
Ashqelon,IL,31.67,34.57,1546294800,0,52.7,87,2.24
Sergeyevka,KZ,53.88,67.42,1546295390,20,-5.01,69,11.99
Cehegin,ES,38.09,-1.8,1546295390,0,31.13,76,3.15
Visnes,NO,59.36,5.22,1546293000,88,47.43,75,36.91
Richards Bay,ZA,-28.77,32.06,1546295390,88,73.48,95,5.95
Boyolangu,ID,-8.09,111.9,1546295391,92,69.79,98,2.37
Aswan,EG,24.09,32.9,1546295391,24,48.55,88,5.17
Yarmouth,CA,43.84,-66.12,1546293600,90,30.2,80,8.05
Mingyue,CN,43.11,128.91,1546295391,0,-3.03,47,6.17
Bichena,ET,10.45,38.2,1546295391,0,47.6,54,1.81
Moranbah,AU,-22.0,148.04,1546295392,0,69.47,82,10.31
Barguzin,RU,53.62,109.63,1546295392,0,-27.51,39,3.49
Bam,IR,29.11,58.36,1546295392,0,49.81,50,6.73
Waipawa,NZ,-39.94,176.59,1546295392,24,69.92,79,4.38
Kano,NG,11.99,8.53,1546295163,0,60.02,61,5.17
Bad Waldsee,DE,47.92,9.75,1546294800,76,37.71,93,1.59
Aykhal,RU,65.95,111.51,1546295393,0,3.77,60,10.87
Awjilah,LY,29.14,21.3,1546295393,0,48.46,90,8.97
Alapur,IN,27.96,79.23,1546295394,0,46.66,82,4.5
Acucena,BR,-19.07,-42.55,1546290000,75,77.0,78,6.93
Aksu,CN,41.12,80.26,1546295394,8,-4.47,46,3.49
Mokhsogollokh,RU,61.4,128.95,1546295394,64,1.03,71,6.73
Atherton,AU,-17.27,145.48,1546293600,40,82.4,65,21.92
Payson,US,40.04,-111.73,1546293360,75,25.39,66,10.29
Magistralnyy,RU,56.17,107.45,1546295395,12,-26.92,40,2.48
Danville,US,37.65,-84.77,1546294800,90,61.54,87,23.04
Pacifica,US,37.61,-122.49,1546293360,20,56.59,38,26.4
Astana,KZ,51.13,71.43,1546293600,90,-0.41,84,4.47
Ishikawa,JP,37.14,140.45,1546293600,40,32.0,76,4.7
Alto Parana,BR,-23.13,-52.32,1546295396,48,84.68,80,3.71
Dothan,US,31.22,-85.39,1546294500,20,72.37,75,9.17
Lagoa,PT,37.14,-8.45,1546291800,0,51.8,76,3.36
Bogashevo,RU,56.37,85.14,1546293600,0,-0.41,84,4.47
Rundu,NA,-17.91,19.77,1546295397,64,67.4,96,4.94
Nanchang,CN,28.68,115.89,1546295397,80,33.07,99,8.63
Atasu,KZ,48.68,71.64,1546295398,36,2.65,65,1.25
Zurrieq,MT,35.83,14.47,1546294500,20,53.6,50,24.16
Spremberg,DE,51.57,14.37,1546294800,90,42.8,100,6.93
Bandar,ID,-4.2,104.14,1546295398,24,71.23,99,3.83
Cacador,BR,-26.78,-51.02,1546295399,36,80.77,76,3.15
Balikpapan,ID,-1.24,116.86,1546290000,40,80.6,88,2.24
Ishim,RU,56.11,69.47,1546295399,68,2.92,76,12.77
Lakhdenpokhya,RU,61.52,30.2,1546295399,92,21.68,94,20.27
Altamira,BR,-3.2,-52.21,1546290000,40,80.6,83,1.12
Concordia,MX,23.29,-106.07,1546292640,75,77.0,38,12.75
Dawson Creek,CA,55.76,-120.23,1546293600,40,21.22,68,8.05
Cockburn Town,BS,24.03,-74.52,1546295400,0,79.78,91,18.48
Giyani,ZA,-23.32,30.73,1546295401,48,67.91,95,4.41
Bantry,IE,51.68,-9.45,1546291800,90,46.4,81,4.7
Yuci,CN,37.68,112.73,1546293600,0,6.8,71,1.72
Vila Velha,BR,-3.71,-38.6,1546293600,20,82.4,78,6.93
Hun,LY,29.13,15.95,1546295404,20,42.75,91,9.33
Valparaiso,CL,-33.04,-71.63,1546293600,0,69.08,42,18.34
Havre-Saint-Pierre,CA,50.23,-63.6,1546293600,20,-4.01,76,3.36
Havelock,US,34.88,-76.9,1546293900,75,68.52,90,10.29
Misratah,LY,32.38,15.09,1546295406,44,59.63,88,26.33
Hastings,NZ,-39.64,176.84,1546295490,8,69.53,100,9.44
Lang Suan,TH,9.95,99.07,1546293600,20,75.2,100,9.1
Dehloran,IR,32.69,47.27,1546295408,0,41.76,84,3.62
Agadir,MA,30.42,-9.58,1546293600,0,50.0,61,4.7
Wewak,PG,-3.55,143.63,1546295408,92,80.69,86,4.52
Berasia,IN,23.63,77.43,1546290000,0,51.8,66,3.36
Bani,DO,18.28,-70.33,1546293600,75,78.8,74,12.75
Linxia,CN,35.6,103.21,1546295409,36,-1.13,68,2.73
Nouadhibou,MR,20.93,-17.03,1546290000,0,68.0,37,11.41
Teya,RU,60.37,92.63,1546295410,32,-7.16,59,5.19
Kurilsk,RU,45.23,147.88,1546295410,76,29.88,100,12.24
Howard Springs,AU,-12.5,131.05,1546293600,75,84.2,74,12.75
Sumbe,AO,-11.2,13.84,1546295411,24,76.68,100,6.87
Lakhipur,IN,26.03,90.3,1546295411,0,45.41,79,3.06
Shenjiamen,CN,29.96,122.3,1546295412,36,48.38,100,16.26
Luocheng,CN,28.29,114.55,1546295413,76,27.32,81,3.18
Ahuimanu,US,21.44,-157.84,1546293420,90,81.43,81,9.17
Liepaja,LV,56.52,21.02,1546293000,92,39.2,93,19.46
Abidjan,CI,5.32,-4.02,1546293600,24,82.4,83,3.36
Chase,CA,50.82,-119.69,1546295413,20,17.28,89,1.05
Aktash,RU,50.31,87.6,1546295414,68,-3.29,79,2.17
Richmond,ZA,-29.87,30.27,1546295414,8,59.99,92,2.06
Kichmengskiy Gorodok,RU,59.99,45.81,1546295414,0,6.53,87,6.2
Ati,TD,13.21,18.34,1546295415,0,64.31,30,9.66
Atambua,ID,-9.11,124.89,1546295415,80,76.91,100,2.17
Flinders,AU,-34.58,150.85,1546295499,0,82.8,64,1.72
Seoul,KR,37.57,126.98,1546293600,0,12.63,72,2.24
Bonthe,SL,7.53,-12.5,1546295416,24,79.65,85,4.74
Jati,ID,3.58,98.66,1546290000,40,77.0,94,4.7
Harper,LR,4.38,-7.71,1546295417,32,80.06,100,3.74
Santiago de Cuba,CU,20.03,-75.83,1546293360,20,80.46,61,17.22
Poniatowa,PL,51.19,22.07,1546293600,90,33.8,86,5.82
Awbari,LY,26.59,12.77,1546295418,0,35.1,69,4.97
Port Lavaca,US,28.61,-96.63,1546293180,1,60.53,57,2.73
Balabac,PH,7.99,117.06,1546295419,76,82.49,100,18.95
Tiarei,PF,-17.53,-149.33,1546293600,75,86.0,70,17.22
Ibra,OM,22.69,58.55,1546295419,0,50.36,96,2.39
Dracena,BR,-21.48,-51.54,1546295420,12,77.81,92,2.51
Pundaguitan,PH,6.37,126.17,1546295420,24,81.59,100,7.2
Silvia,CO,2.61,-76.38,1546295420,0,52.56,77,2.06
Jacareacanga,BR,-6.22,-57.76,1546290000,0,78.8,100,2.24
Jiuquan,CN,39.73,98.49,1546295421,64,-10.49,42,2.39
Kabalo,CD,-6.05,26.92,1546295421,32,70.56,96,2.84
Haines Junction,CA,60.75,-137.51,1546295421,20,30.96,80,10.22
Maxixe,MZ,-23.86,35.35,1546295422,88,76.37,97,7.43
Grootfontein,NA,-19.56,18.1,1546295422,92,63.54,100,5.75
Fortuna,US,40.6,-124.16,1546293300,1,51.08,100,6.93
Upata,VE,8.02,-62.41,1546295422,80,75.96,58,6.2
Grand Gaube,MU,-20.01,57.66,1546293600,75,77.0,94,4.7
Ballina,IE,54.11,-9.15,1546295423,76,48.02,98,10.11
Oktyabrskoye,RU,56.73,85.44,1546293600,0,-0.41,84,4.47
Chubbuck,US,42.93,-112.47,1546293180,1,19.04,48,16.11
Keetmanshoop,NA,-26.57,18.15,1546293600,0,86.0,30,5.82
Dawlatabad,AF,36.41,64.91,1546295424,92,40.19,88,3.51
Quballat,TN,36.54,9.66,1546293600,20,53.6,62,5.82
Dehui,CN,44.53,125.71,1546293600,0,-5.81,63,8.95
Chimoio,MZ,-19.11,33.48,1546295425,88,70.88,94,3.29
Chagoda,RU,59.16,35.33,1546295425,88,16.07,88,8.21
Eyl,SO,7.98,49.82,1546295425,8,75.33,100,15.93
Bogorodskoye,RU,52.37,140.44,1546295426,68,5.09,67,6.42
Grojec,PL,50.09,19.57,1546293600,75,32.81,94,5.82
Kilcormac,IE,53.18,-7.73,1546295427,88,47.43,96,9.55
Zhaotong,CN,27.34,103.71,1546295427,92,23.81,91,3.18
Tarime,TZ,-1.35,34.38,1546295427,24,61.88,100,3.62
Rabo de Peixe,PT,37.8,-25.58,1546291800,40,60.8,82,13.87
Sabha,LY,27.03,14.43,1546295428,0,36.9,74,5.75
Babati,TZ,-4.21,35.75,1546295428,44,63.14,95,3.4
Moyamba,SL,8.16,-12.43,1546295429,32,79.65,66,5.08
Areosa,PT,41.72,-8.86,1546293600,0,45.14,66,5.82
Cedar City,US,37.68,-113.06,1546293180,90,23.0,64,13.87
Santiago del Estero,AR,-27.8,-64.26,1546295429,64,79.56,83,3.74
Pelotas,BR,-31.77,-52.34,1546295429,56,73.35,91,13.8
Hovd,MN,48.01,91.64,1546295430,20,-32.09,47,0.27
Bom Jesus,BR,-9.08,-44.36,1546295430,20,73.26,94,1.5
Bambanglipuro,ID,-7.95,110.28,1546295430,80,73.89,97,5.3
Kamaishi,JP,39.28,141.86,1546295431,0,36.99,69,12.91
Uvalde,US,29.21,-99.79,1546293480,1,65.5,30,4.7
Tala,EG,30.68,30.94,1546295431,0,42.62,81,5.41
Gazanjyk,TM,39.24,55.52,1546295431,68,33.71,93,3.18
Pouembout,NC,-21.12,164.9,1546295432,76,82.22,47,5.64
Luanda,AO,-8.83,13.24,1546293600,75,80.6,83,6.93
College,US,64.86,-147.8,1546293480,90,29.79,77,4.7
Turtas,RU,58.94,69.13,1546295432,76,12.56,86,7.2
Vorotynets,RU,56.06,45.86,1546295433,76,15.53,86,9.44
Lamlash,GB,55.53,-5.13,1546294800,40,50.95,93,23.04
Guarapari,BR,-20.67,-40.5,1546293600,0,80.6,74,9.17
Hamilton,BM,32.3,-64.78,1546293900,75,64.4,82,13.87
Saint-Pierre,PM,46.77,-56.17,1546293600,20,21.2,67,11.41
Naryan-Mar,RU,67.67,53.09,1546295434,76,16.83,85,15.48
Caconda,AO,-13.73,15.06,1546295434,76,60.62,84,6.42
Conde,BR,-11.81,-37.61,1546295434,92,79.16,92,7.87
Bucerias,MX,20.76,-105.33,1546292880,90,73.4,60,4.7
West Wendover,US,40.74,-114.07,1546293360,90,28.04,48,17.22
Port-Gentil,GA,-0.72,8.78,1546293600,75,82.4,88,5.82
